test_case,grid_size,num_searches_factor,random_seed,image_type,serial_image,parallel_image,serial_hash,parallel_hash,hash_match,total_pixels,different_pixels,percent_different,max_difference,avg_difference,error,diff_visualization
g10_f0.1_s3,10,0.1,3,search,q1/images/DungeonHunter_serial_g10_f0.1_s3_search.png,q1/images/DungeonHunterParallel_parallel_g10_f0.1_s3_search.png,f264d18946c61960789bd9ef4b5df298,f264d18946c61960789bd9ef4b5df298,True,,,,,,,
g10_f0.1_s3,10,0.1,3,path,q1/images/DungeonHunter_serial_g10_f0.1_s3_path.png,q1/images/DungeonHunterParallel_parallel_g10_f0.1_s3_path.png,96733aa5b5918590da8699ab60f5a666,96733aa5b5918590da8699ab60f5a666,True,,,,,,,
g10_f0.1_s60,10,0.1,60,search,q1/images/DungeonHunter_serial_g10_f0.1_s60_search.png,q1/images/DungeonHunterParallel_parallel_g10_f0.1_s60_search.png,abf0a077053871067db6a2f5c7137a8a,abf0a077053871067db6a2f5c7137a8a,True,,,,,,,
g10_f0.1_s60,10,0.1,60,path,q1/images/DungeonHunter_serial_g10_f0.1_s60_path.png,q1/images/DungeonHunterParallel_parallel_g10_f0.1_s60_path.png,293c7e515c7797e9954e386cf46b0384,293c7e515c7797e9954e386cf46b0384,True,,,,,,,
g10_f0.4_s3,10,0.4,3,search,q1/images/DungeonHunter_serial_g10_f0.4_s3_search.png,q1/images/DungeonHunterParallel_parallel_g10_f0.4_s3_search.png,2dde78d65899237dc5c47d104850d9be,2dde78d65899237dc5c47d104850d9be,True,,,,,,,
g10_f0.4_s3,10,0.4,3,path,q1/images/DungeonHunter_serial_g10_f0.4_s3_path.png,q1/images/DungeonHunterParallel_parallel_g10_f0.4_s3_path.png,066e9c9f686e382fe7d86012954278c3,066e9c9f686e382fe7d86012954278c3,True,,,,,,,
g10_f0.4_s60,10,0.4,60,search,q1/images/DungeonHunter_serial_g10_f0.4_s60_search.png,q1/images/DungeonHunterParallel_parallel_g10_f0.4_s60_search.png,b6b702d558330f9c4e404e13d83bb84c,b6b702d558330f9c4e404e13d83bb84c,True,,,,,,,
g10_f0.4_s60,10,0.4,60,path,q1/images/DungeonHunter_serial_g10_f0.4_s60_path.png,q1/images/DungeonHunterParallel_parallel_g10_f0.4_s60_path.png,0467384e5112e34bf89a81fa3cd363d6,0467384e5112e34bf89a81fa3cd363d6,True,,,,,,,
g25_f0.1_s3,25,0.1,3,search,q1/images/DungeonHunter_serial_g25_f0.1_s3_search.png,q1/images/DungeonHunterParallel_parallel_g25_f0.1_s3_search.png,a5191c589ab6e08e26e454d4138a29b6,a5191c589ab6e08e26e454d4138a29b6,True,,,,,,,
g25_f0.1_s3,25,0.1,3,path,q1/images/DungeonHunter_serial_g25_f0.1_s3_path.png,q1/images/DungeonHunterParallel_parallel_g25_f0.1_s3_path.png,6b421b97afb48c738a05a93d16a4adb5,6b421b97afb48c738a05a93d16a4adb5,True,,,,,,,
g25_f0.1_s60,25,0.1,60,search,q1/images/DungeonHunter_serial_g25_f0.1_s60_search.png,q1/images/DungeonHunterParallel_parallel_g25_f0.1_s60_search.png,802c57c314d41b8f2705c526929e2c3c,802c57c314d41b8f2705c526929e2c3c,True,,,,,,,
g25_f0.1_s60,25,0.1,60,path,q1/images/DungeonHunter_serial_g25_f0.1_s60_path.png,q1/images/DungeonHunterParallel_parallel_g25_f0.1_s60_path.png,bb53f7b41dfb58cb65bf16b426dff109,bb53f7b41dfb58cb65bf16b426dff109,True,,,,,,,
g25_f0.4_s3,25,0.4,3,search,q1/images/DungeonHunter_serial_g25_f0.4_s3_search.png,q1/images/DungeonHunterParallel_parallel_g25_f0.4_s3_search.png,d73ae02835a0e5fdad040b179a955c20,d73ae02835a0e5fdad040b179a955c20,True,,,,,,,
g25_f0.4_s3,25,0.4,3,path,q1/images/DungeonHunter_serial_g25_f0.4_s3_path.png,q1/images/DungeonHunterParallel_parallel_g25_f0.4_s3_path.png,9f7d0ec83d1c197a97b46b7e8f214459,9f7d0ec83d1c197a97b46b7e8f214459,True,,,,,,,
g25_f0.4_s60,25,0.4,60,search,q1/images/DungeonHunter_serial_g25_f0.4_s60_search.png,q1/images/DungeonHunterParallel_parallel_g25_f0.4_s60_search.png,0263a1dbd4eae546d67a56b9e0e8702f,0263a1dbd4eae546d67a56b9e0e8702f,True,,,,,,,
g25_f0.4_s60,25,0.4,60,path,q1/images/DungeonHunter_serial_g25_f0.4_s60_path.png,q1/images/DungeonHunterParallel_parallel_g25_f0.4_s60_path.png,fb05412931a112da260d9596a044f8b5,fb05412931a112da260d9596a044f8b5,True,,,,,,,
g40_f0.1_s3,40,0.1,3,search,q1/images/DungeonHunter_serial_g40_f0.1_s3_search.png,q1/images/DungeonHunterParallel_parallel_g40_f0.1_s3_search.png,6053f19a275df8a17e642235fff1c9e9,6053f19a275df8a17e642235fff1c9e9,True,,,,,,,
g40_f0.1_s3,40,0.1,3,path,q1/images/DungeonHunter_serial_g40_f0.1_s3_path.png,q1/images/DungeonHunterParallel_parallel_g40_f0.1_s3_path.png,df7269a623998b00424dc4b5d38604e8,df7269a623998b00424dc4b5d38604e8,True,,,,,,,
g40_f0.1_s60,40,0.1,60,search,q1/images/DungeonHunter_serial_g40_f0.1_s60_search.png,q1/images/DungeonHunterParallel_parallel_g40_f0.1_s60_search.png,7ad9df0e85a0d2e584440541bd31d9f6,7ad9df0e85a0d2e584440541bd31d9f6,True,,,,,,,
g40_f0.1_s60,40,0.1,60,path,q1/images/DungeonHunter_serial_g40_f0.1_s60_path.png,q1/images/DungeonHunterParallel_parallel_g40_f0.1_s60_path.png,8bceb468ecf4a0dfe82366ffdf743ec6,8bceb468ecf4a0dfe82366ffdf743ec6,True,,,,,,,
g40_f0.4_s3,40,0.4,3,search,q1/images/DungeonHunter_serial_g40_f0.4_s3_search.png,q1/images/DungeonHunterParallel_parallel_g40_f0.4_s3_search.png,ad8f0cacb610bfa2360a24d09936288f,ad8f0cacb610bfa2360a24d09936288f,True,,,,,,,
g40_f0.4_s3,40,0.4,3,path,q1/images/DungeonHunter_serial_g40_f0.4_s3_path.png,q1/images/DungeonHunterParallel_parallel_g40_f0.4_s3_path.png,72a9dacc3ca24acade8d5ab8df04a560,72a9dacc3ca24acade8d5ab8df04a560,True,,,,,,,
g40_f0.4_s60,40,0.4,60,search,q1/images/DungeonHunter_serial_g40_f0.4_s60_search.png,q1/images/DungeonHunterParallel_parallel_g40_f0.4_s60_search.png,5a1284f0d5e3cefb7d596c9c07b0b08d,5a1284f0d5e3cefb7d596c9c07b0b08d,True,,,,,,,
g40_f0.4_s60,40,0.4,60,path,q1/images/DungeonHunter_serial_g40_f0.4_s60_path.png,q1/images/DungeonHunterParallel_parallel_g40_f0.4_s60_path.png,86422d8453752f232856ebef6fcadba8,86422d8453752f232856ebef6fcadba8,True,,,,,,,
g50_f0.1_s3,50,0.1,3,search,q1/images/DungeonHunter_serial_g50_f0.1_s3_search.png,q1/images/DungeonHunterParallel_parallel_g50_f0.1_s3_search.png,8ca27d0bf2e0db03bcae4b825638e459,8ca27d0bf2e0db03bcae4b825638e459,True,,,,,,,
g50_f0.1_s3,50,0.1,3,path,q1/images/DungeonHunter_serial_g50_f0.1_s3_path.png,q1/images/DungeonHunterParallel_parallel_g50_f0.1_s3_path.png,5c92507d393d05f261c52bde607c1749,5c92507d393d05f261c52bde607c1749,True,,,,,,,
g50_f0.1_s60,50,0.1,60,search,q1/images/DungeonHunter_serial_g50_f0.1_s60_search.png,q1/images/DungeonHunterParallel_parallel_g50_f0.1_s60_search.png,dd8ac9ee38650c165454eefb66c25661,dd8ac9ee38650c165454eefb66c25661,True,,,,,,,
g50_f0.1_s60,50,0.1,60,path,q1/images/DungeonHunter_serial_g50_f0.1_s60_path.png,q1/images/DungeonHunterParallel_parallel_g50_f0.1_s60_path.png,01bd0707acd3af5c11367562bcb6103f,01bd0707acd3af5c11367562bcb6103f,True,,,,,,,
g50_f0.4_s3,50,0.4,3,search,q1/images/DungeonHunter_serial_g50_f0.4_s3_search.png,q1/images/DungeonHunterParallel_parallel_g50_f0.4_s3_search.png,b7f04560196f252ca47dab31c94959f8,b7f04560196f252ca47dab31c94959f8,True,,,,,,,
g50_f0.4_s3,50,0.4,3,path,q1/images/DungeonHunter_serial_g50_f0.4_s3_path.png,q1/images/DungeonHunterParallel_parallel_g50_f0.4_s3_path.png,82434c736146f6f05ba610164deb5b5e,82434c736146f6f05ba610164deb5b5e,True,,,,,,,
g50_f0.4_s60,50,0.4,60,search,q1/images/DungeonHunter_serial_g50_f0.4_s60_search.png,q1/images/DungeonHunterParallel_parallel_g50_f0.4_s60_search.png,e9bd95e6407eeb5ec607f0fe0c8b339b,e9bd95e6407eeb5ec607f0fe0c8b339b,True,,,,,,,
g50_f0.4_s60,50,0.4,60,path,q1/images/DungeonHunter_serial_g50_f0.4_s60_path.png,q1/images/DungeonHunterParallel_parallel_g50_f0.4_s60_path.png,0a74d3ed16061b36211b1535a63851d7,0a74d3ed16061b36211b1535a63851d7,True,,,,,,,
g75_f0.1_s3,75,0.1,3,search,q1/images/DungeonHunter_serial_g75_f0.1_s3_search.png,q1/images/DungeonHunterParallel_parallel_g75_f0.1_s3_search.png,5c59306ba706a77ff9ffbe6dc8eab6f8,5c59306ba706a77ff9ffbe6dc8eab6f8,True,,,,,,,
g75_f0.1_s3,75,0.1,3,path,q1/images/DungeonHunter_serial_g75_f0.1_s3_path.png,q1/images/DungeonHunterParallel_parallel_g75_f0.1_s3_path.png,84d982f93af0f2ccd504c16c91fbc684,84d982f93af0f2ccd504c16c91fbc684,True,,,,,,,
g75_f0.1_s60,75,0.1,60,search,q1/images/DungeonHunter_serial_g75_f0.1_s60_search.png,q1/images/DungeonHunterParallel_parallel_g75_f0.1_s60_search.png,96759c61c5de64f0fe4067e905a8e304,96759c61c5de64f0fe4067e905a8e304,True,,,,,,,
g75_f0.1_s60,75,0.1,60,path,q1/images/DungeonHunter_serial_g75_f0.1_s60_path.png,q1/images/DungeonHunterParallel_parallel_g75_f0.1_s60_path.png,39818b296695e0cb3075ebe67f5d18e6,39818b296695e0cb3075ebe67f5d18e6,True,,,,,,,
g75_f0.4_s3,75,0.4,3,search,q1/images/DungeonHunter_serial_g75_f0.4_s3_search.png,q1/images/DungeonHunterParallel_parallel_g75_f0.4_s3_search.png,85231073739cf4412575657cb0955e15,85231073739cf4412575657cb0955e15,True,,,,,,,
g75_f0.4_s3,75,0.4,3,path,q1/images/DungeonHunter_serial_g75_f0.4_s3_path.png,q1/images/DungeonHunterParallel_parallel_g75_f0.4_s3_path.png,039f6d82b7b8a2f4e7a7021453af1866,039f6d82b7b8a2f4e7a7021453af1866,True,,,,,,,
g75_f0.4_s60,75,0.4,60,search,q1/images/DungeonHunter_serial_g75_f0.4_s60_search.png,q1/images/DungeonHunterParallel_parallel_g75_f0.4_s60_search.png,6b882e9bb442dc97d5713ec6e71ccc8d,6b882e9bb442dc97d5713ec6e71ccc8d,True,,,,,,,
g75_f0.4_s60,75,0.4,60,path,q1/images/DungeonHunter_serial_g75_f0.4_s60_path.png,q1/images/DungeonHunterParallel_parallel_g75_f0.4_s60_path.png,3306bb792f12bcb86338d183156579aa,3306bb792f12bcb86338d183156579aa,True,,,,,,,
g90_f0.1_s3,90,0.1,3,search,q1/images/DungeonHunter_serial_g90_f0.1_s3_search.png,q1/images/DungeonHunterParallel_parallel_g90_f0.1_s3_search.png,e40ee9aa28227d43e0d38861735b4bb1,e40ee9aa28227d43e0d38861735b4bb1,True,,,,,,,
g90_f0.1_s3,90,0.1,3,path,q1/images/DungeonHunter_serial_g90_f0.1_s3_path.png,q1/images/DungeonHunterParallel_parallel_g90_f0.1_s3_path.png,7929fcce95571566442cdbdb9b3d77a0,7929fcce95571566442cdbdb9b3d77a0,True,,,,,,,
g90_f0.1_s60,90,0.1,60,search,q1/images/DungeonHunter_serial_g90_f0.1_s60_search.png,q1/images/DungeonHunterParallel_parallel_g90_f0.1_s60_search.png,c19525791a1742d46b7f091725b3a4fb,c19525791a1742d46b7f091725b3a4fb,True,,,,,,,
g90_f0.1_s60,90,0.1,60,path,q1/images/DungeonHunter_serial_g90_f0.1_s60_path.png,q1/images/DungeonHunterParallel_parallel_g90_f0.1_s60_path.png,cd15b81293e07b71a0b7639ca80f5fba,cd15b81293e07b71a0b7639ca80f5fba,True,,,,,,,
g90_f0.4_s3,90,0.4,3,search,q1/images/DungeonHunter_serial_g90_f0.4_s3_search.png,q1/images/DungeonHunterParallel_parallel_g90_f0.4_s3_search.png,a6ce2813dc3a78b17e7fcb4899095388,a6ce2813dc3a78b17e7fcb4899095388,True,,,,,,,
g90_f0.4_s3,90,0.4,3,path,q1/images/DungeonHunter_serial_g90_f0.4_s3_path.png,q1/images/DungeonHunterParallel_parallel_g90_f0.4_s3_path.png,f5e5f1cf40983f713109b118b3d672fe,f5e5f1cf40983f713109b118b3d672fe,True,,,,,,,
g90_f0.4_s60,90,0.4,60,search,q1/images/DungeonHunter_serial_g90_f0.4_s60_search.png,q1/images/DungeonHunterParallel_parallel_g90_f0.4_s60_search.png,f17565f8284718a699e31b19a0beef8d,f17565f8284718a699e31b19a0beef8d,True,,,,,,,
g90_f0.4_s60,90,0.4,60,path,q1/images/DungeonHunter_serial_g90_f0.4_s60_path.png,q1/images/DungeonHunterParallel_parallel_g90_f0.4_s60_path.png,7490d56f9d2fbdee3a6ef9ec1edf22c2,7490d56f9d2fbdee3a6ef9ec1edf22c2,True,,,,,,,
g100_f0.1_s3,100,0.1,3,search,q1/images/DungeonHunter_serial_g100_f0.1_s3_search.png,q1/images/DungeonHunterParallel_parallel_g100_f0.1_s3_search.png,bf0cf9cea161b4e5671613aae4f9e6d7,bf0cf9cea161b4e5671613aae4f9e6d7,True,,,,,,,
g100_f0.1_s3,100,0.1,3,path,q1/images/DungeonHunter_serial_g100_f0.1_s3_path.png,q1/images/DungeonHunterParallel_parallel_g100_f0.1_s3_path.png,96b392058692432388a4261971460b8c,96b392058692432388a4261971460b8c,True,,,,,,,
g100_f0.1_s60,100,0.1,60,search,q1/images/DungeonHunter_serial_g100_f0.1_s60_search.png,q1/images/DungeonHunterParallel_parallel_g100_f0.1_s60_search.png,d347f5f7a91effb608ae063e0dc7bf59,d347f5f7a91effb608ae063e0dc7bf59,True,,,,,,,
g100_f0.1_s60,100,0.1,60,path,q1/images/DungeonHunter_serial_g100_f0.1_s60_path.png,q1/images/DungeonHunterParallel_parallel_g100_f0.1_s60_path.png,fc9484efff5a8d75f1095336bf3dabf8,fc9484efff5a8d75f1095336bf3dabf8,True,,,,,,,
g100_f0.4_s3,100,0.4,3,search,q1/images/DungeonHunter_serial_g100_f0.4_s3_search.png,q1/images/DungeonHunterParallel_parallel_g100_f0.4_s3_search.png,19e278f45925bde9a191cf843ee5390c,19e278f45925bde9a191cf843ee5390c,True,,,,,,,
g100_f0.4_s3,100,0.4,3,path,q1/images/DungeonHunter_serial_g100_f0.4_s3_path.png,q1/images/DungeonHunterParallel_parallel_g100_f0.4_s3_path.png,de6b9909eac4e2fab4888a8561ddbbee,de6b9909eac4e2fab4888a8561ddbbee,True,,,,,,,
g100_f0.4_s60,100,0.4,60,search,q1/images/DungeonHunter_serial_g100_f0.4_s60_search.png,q1/images/DungeonHunterParallel_parallel_g100_f0.4_s60_search.png,01946c64d18d7e106001054c5e9059ff,01946c64d18d7e106001054c5e9059ff,True,,,,,,,
g100_f0.4_s60,100,0.4,60,path,q1/images/DungeonHunter_serial_g100_f0.4_s60_path.png,q1/images/DungeonHunterParallel_parallel_g100_f0.4_s60_path.png,014c7eca2e17ca6810cd355bdd2c58d4,014c7eca2e17ca6810cd355bdd2c58d4,True,,,,,,,
g115_f0.1_s3,115,0.1,3,search,q1/images/DungeonHunter_serial_g115_f0.1_s3_search.png,q1/images/DungeonHunterParallel_parallel_g115_f0.1_s3_search.png,c829fa28709a6b8aa9cdb0f895e51009,c829fa28709a6b8aa9cdb0f895e51009,True,,,,,,,
g115_f0.1_s3,115,0.1,3,path,q1/images/DungeonHunter_serial_g115_f0.1_s3_path.png,q1/images/DungeonHunterParallel_parallel_g115_f0.1_s3_path.png,72fefb531cae4704683aaa91bb351577,72fefb531cae4704683aaa91bb351577,True,,,,,,,
g115_f0.1_s60,115,0.1,60,search,q1/images/DungeonHunter_serial_g115_f0.1_s60_search.png,q1/images/DungeonHunterParallel_parallel_g115_f0.1_s60_search.png,9415cfd8080daf7f6e8d0099c2056b12,9415cfd8080daf7f6e8d0099c2056b12,True,,,,,,,
g115_f0.1_s60,115,0.1,60,path,q1/images/DungeonHunter_serial_g115_f0.1_s60_path.png,q1/images/DungeonHunterParallel_parallel_g115_f0.1_s60_path.png,c7e0b1f5230b2c35de3216fb727e5033,c7e0b1f5230b2c35de3216fb727e5033,True,,,,,,,
g115_f0.4_s3,115,0.4,3,search,q1/images/DungeonHunter_serial_g115_f0.4_s3_search.png,q1/images/DungeonHunterParallel_parallel_g115_f0.4_s3_search.png,c31f9903bee97107000ce74314a54ab6,c31f9903bee97107000ce74314a54ab6,True,,,,,,,
g115_f0.4_s3,115,0.4,3,path,q1/images/DungeonHunter_serial_g115_f0.4_s3_path.png,q1/images/DungeonHunterParallel_parallel_g115_f0.4_s3_path.png,77ab62cb35ec40b8e42798683bee3338,77ab62cb35ec40b8e42798683bee3338,True,,,,,,,
g115_f0.4_s60,115,0.4,60,search,q1/images/DungeonHunter_serial_g115_f0.4_s60_search.png,q1/images/DungeonHunterParallel_parallel_g115_f0.4_s60_search.png,44544e480907ddacce708b541ecbe2ff,44544e480907ddacce708b541ecbe2ff,True,,,,,,,
g115_f0.4_s60,115,0.4,60,path,q1/images/DungeonHunter_serial_g115_f0.4_s60_path.png,q1/images/DungeonHunterParallel_parallel_g115_f0.4_s60_path.png,6add4f0659d5121d8df3ee447bea28ca,6add4f0659d5121d8df3ee447bea28ca,True,,,,,,,
g135_f0.1_s3,135,0.1,3,search,q1/images/DungeonHunter_serial_g135_f0.1_s3_search.png,q1/images/DungeonHunterParallel_parallel_g135_f0.1_s3_search.png,d00909dfeb8b872cf49fc6880dc17c4f,d00909dfeb8b872cf49fc6880dc17c4f,True,,,,,,,
g135_f0.1_s3,135,0.1,3,path,q1/images/DungeonHunter_serial_g135_f0.1_s3_path.png,q1/images/DungeonHunterParallel_parallel_g135_f0.1_s3_path.png,b3c18f492dea7154e31a450df5e1e1d2,b3c18f492dea7154e31a450df5e1e1d2,True,,,,,,,
g135_f0.1_s60,135,0.1,60,search,q1/images/DungeonHunter_serial_g135_f0.1_s60_search.png,q1/images/DungeonHunterParallel_parallel_g135_f0.1_s60_search.png,379d9c995138cc7d46e98e0a8c42f269,379d9c995138cc7d46e98e0a8c42f269,True,,,,,,,
g135_f0.1_s60,135,0.1,60,path,q1/images/DungeonHunter_serial_g135_f0.1_s60_path.png,q1/images/DungeonHunterParallel_parallel_g135_f0.1_s60_path.png,e4c5645344fd07ba20f6c5a9631d1c91,e4c5645344fd07ba20f6c5a9631d1c91,True,,,,,,,
g135_f0.4_s3,135,0.4,3,search,q1/images/DungeonHunter_serial_g135_f0.4_s3_search.png,q1/images/DungeonHunterParallel_parallel_g135_f0.4_s3_search.png,a6078642221b7f8cafa9e0f59ecf186e,a6078642221b7f8cafa9e0f59ecf186e,True,,,,,,,
g135_f0.4_s3,135,0.4,3,path,q1/images/DungeonHunter_serial_g135_f0.4_s3_path.png,q1/images/DungeonHunterParallel_parallel_g135_f0.4_s3_path.png,7d6e4a9d5dd3b35b735bf6bdf6660f48,7d6e4a9d5dd3b35b735bf6bdf6660f48,True,,,,,,,
g135_f0.4_s60,135,0.4,60,search,q1/images/DungeonHunter_serial_g135_f0.4_s60_search.png,q1/images/DungeonHunterParallel_parallel_g135_f0.4_s60_search.png,6055c6230919298790303157fa7e2865,6055c6230919298790303157fa7e2865,True,,,,,,,
g135_f0.4_s60,135,0.4,60,path,q1/images/DungeonHunter_serial_g135_f0.4_s60_path.png,q1/images/DungeonHunterParallel_parallel_g135_f0.4_s60_path.png,2f14dbdcfa23936b9a97d7534887d6f6,2f14dbdcfa23936b9a97d7534887d6f6,True,,,,,,,
g150_f0.1_s3,150,0.1,3,search,q1/images/DungeonHunter_serial_g150_f0.1_s3_search.png,q1/images/DungeonHunterParallel_parallel_g150_f0.1_s3_search.png,134ba50e97a15f562d0ccb04fc7603d7,134ba50e97a15f562d0ccb04fc7603d7,True,,,,,,,
g150_f0.1_s3,150,0.1,3,path,q1/images/DungeonHunter_serial_g150_f0.1_s3_path.png,q1/images/DungeonHunterParallel_parallel_g150_f0.1_s3_path.png,311fc775d6e41c1b1a2ab4d1e2b8835b,311fc775d6e41c1b1a2ab4d1e2b8835b,True,,,,,,,
g150_f0.1_s60,150,0.1,60,search,q1/images/DungeonHunter_serial_g150_f0.1_s60_search.png,q1/images/DungeonHunterParallel_parallel_g150_f0.1_s60_search.png,af3c844c65c0d1c2b5ab814dff32efed,af3c844c65c0d1c2b5ab814dff32efed,True,,,,,,,
g150_f0.1_s60,150,0.1,60,path,q1/images/DungeonHunter_serial_g150_f0.1_s60_path.png,q1/images/DungeonHunterParallel_parallel_g150_f0.1_s60_path.png,31d43e737fdd20e3c335275543d56b25,31d43e737fdd20e3c335275543d56b25,True,,,,,,,
g150_f0.4_s3,150,0.4,3,search,q1/images/DungeonHunter_serial_g150_f0.4_s3_search.png,q1/images/DungeonHunterParallel_parallel_g150_f0.4_s3_search.png,da2cfffef52d0c5b91e04935af85ff3e,da2cfffef52d0c5b91e04935af85ff3e,True,,,,,,,
g150_f0.4_s3,150,0.4,3,path,q1/images/DungeonHunter_serial_g150_f0.4_s3_path.png,q1/images/DungeonHunterParallel_parallel_g150_f0.4_s3_path.png,f7b4485f5dde09037d6c5b160a3654bb,f7b4485f5dde09037d6c5b160a3654bb,True,,,,,,,
g150_f0.4_s60,150,0.4,60,search,q1/images/DungeonHunter_serial_g150_f0.4_s60_search.png,q1/images/DungeonHunterParallel_parallel_g150_f0.4_s60_search.png,b6306b6e5e3e94e311a0046ce3833eca,b6306b6e5e3e94e311a0046ce3833eca,True,,,,,,,
g150_f0.4_s60,150,0.4,60,path,q1/images/DungeonHunter_serial_g150_f0.4_s60_path.png,q1/images/DungeonHunterParallel_parallel_g150_f0.4_s60_path.png,f452b1572615e76f00bc4951210aad96,f452b1572615e76f00bc4951210aad96,True,,,,,,,
g185_f0.1_s3,185,0.1,3,search,q1/images/DungeonHunter_serial_g185_f0.1_s3_search.png,q1/images/DungeonHunterParallel_parallel_g185_f0.1_s3_search.png,a4aa6765a9b284758f802adaaae17c0b,a4aa6765a9b284758f802adaaae17c0b,True,,,,,,,
g185_f0.1_s3,185,0.1,3,path,q1/images/DungeonHunter_serial_g185_f0.1_s3_path.png,q1/images/DungeonHunterParallel_parallel_g185_f0.1_s3_path.png,496e496f35ea8a642ad2d842ff10b79e,496e496f35ea8a642ad2d842ff10b79e,True,,,,,,,
g185_f0.1_s60,185,0.1,60,search,q1/images/DungeonHunter_serial_g185_f0.1_s60_search.png,q1/images/DungeonHunterParallel_parallel_g185_f0.1_s60_search.png,61a578bef18cd6cd40efd060738614a9,61a578bef18cd6cd40efd060738614a9,True,,,,,,,
g185_f0.1_s60,185,0.1,60,path,q1/images/DungeonHunter_serial_g185_f0.1_s60_path.png,q1/images/DungeonHunterParallel_parallel_g185_f0.1_s60_path.png,d1619ef86171c7a6cb7076629442953d,d1619ef86171c7a6cb7076629442953d,True,,,,,,,
g185_f0.4_s3,185,0.4,3,search,q1/images/DungeonHunter_serial_g185_f0.4_s3_search.png,q1/images/DungeonHunterParallel_parallel_g185_f0.4_s3_search.png,b9c370b50907c32ef3f0291b522be941,b9c370b50907c32ef3f0291b522be941,True,,,,,,,
g185_f0.4_s3,185,0.4,3,path,q1/images/DungeonHunter_serial_g185_f0.4_s3_path.png,q1/images/DungeonHunterParallel_parallel_g185_f0.4_s3_path.png,72e50eec48f60c3ca2bb0f64a215ece7,72e50eec48f60c3ca2bb0f64a215ece7,True,,,,,,,
g185_f0.4_s60,185,0.4,60,search,q1/images/DungeonHunter_serial_g185_f0.4_s60_search.png,q1/images/DungeonHunterParallel_parallel_g185_f0.4_s60_search.png,8e2772329efabe3e12f1ff9106833deb,8e2772329efabe3e12f1ff9106833deb,True,,,,,,,
g185_f0.4_s60,185,0.4,60,path,q1/images/DungeonHunter_serial_g185_f0.4_s60_path.png,q1/images/DungeonHunterParallel_parallel_g185_f0.4_s60_path.png,01366f19a532544926683f46cdb3b188,01366f19a532544926683f46cdb3b188,True,,,,,,,
g200_f0.1_s3,200,0.1,3,search,q1/images/DungeonHunter_serial_g200_f0.1_s3_search.png,q1/images/DungeonHunterParallel_parallel_g200_f0.1_s3_search.png,aef3bb30d90e17f29db6fc82aac5f47d,aef3bb30d90e17f29db6fc82aac5f47d,True,,,,,,,
g200_f0.1_s3,200,0.1,3,path,q1/images/DungeonHunter_serial_g200_f0.1_s3_path.png,q1/images/DungeonHunterParallel_parallel_g200_f0.1_s3_path.png,8852d5bc1132f4b5e582a235833ef918,8852d5bc1132f4b5e582a235833ef918,True,,,,,,,
g200_f0.1_s60,200,0.1,60,search,q1/images/DungeonHunter_serial_g200_f0.1_s60_search.png,q1/images/DungeonHunterParallel_parallel_g200_f0.1_s60_search.png,0b597950c08b4f823eaaaf939219bbf5,0b597950c08b4f823eaaaf939219bbf5,True,,,,,,,
g200_f0.1_s60,200,0.1,60,path,q1/images/DungeonHunter_serial_g200_f0.1_s60_path.png,q1/images/DungeonHunterParallel_parallel_g200_f0.1_s60_path.png,c85e1c0e80780bdb4acd0e89aab93f59,c85e1c0e80780bdb4acd0e89aab93f59,True,,,,,,,
g200_f0.4_s3,200,0.4,3,search,q1/images/DungeonHunter_serial_g200_f0.4_s3_search.png,q1/images/DungeonHunterParallel_parallel_g200_f0.4_s3_search.png,774856b16cfbfdd3374e2a3bf8a4d5a9,774856b16cfbfdd3374e2a3bf8a4d5a9,True,,,,,,,
g200_f0.4_s3,200,0.4,3,path,q1/images/DungeonHunter_serial_g200_f0.4_s3_path.png,q1/images/DungeonHunterParallel_parallel_g200_f0.4_s3_path.png,3bf0f7c87d4841be310349a283b8d1ea,3bf0f7c87d4841be310349a283b8d1ea,True,,,,,,,
g200_f0.4_s60,200,0.4,60,search,q1/images/DungeonHunter_serial_g200_f0.4_s60_search.png,q1/images/DungeonHunterParallel_parallel_g200_f0.4_s60_search.png,6b4abd10cfbe4bf2a00593fc21cf8a60,6b4abd10cfbe4bf2a00593fc21cf8a60,True,,,,,,,
g200_f0.4_s60,200,0.4,60,path,q1/images/DungeonHunter_serial_g200_f0.4_s60_path.png,q1/images/DungeonHunterParallel_parallel_g200_f0.4_s60_path.png,05d4f2dd8198330d370334061ae58a9d,05d4f2dd8198330d370334061ae58a9d,True,,,,,,,
g225_f0.1_s3,225,0.1,3,search,q1/images/DungeonHunter_serial_g225_f0.1_s3_search.png,q1/images/DungeonHunterParallel_parallel_g225_f0.1_s3_search.png,0e408571386268d0cb57f95d0e965fb4,0e408571386268d0cb57f95d0e965fb4,True,,,,,,,
g225_f0.1_s3,225,0.1,3,path,q1/images/DungeonHunter_serial_g225_f0.1_s3_path.png,q1/images/DungeonHunterParallel_parallel_g225_f0.1_s3_path.png,a11b5ca3d5746aeab7892511ba525229,a11b5ca3d5746aeab7892511ba525229,True,,,,,,,
g225_f0.1_s60,225,0.1,60,search,q1/images/DungeonHunter_serial_g225_f0.1_s60_search.png,q1/images/DungeonHunterParallel_parallel_g225_f0.1_s60_search.png,d37e0383abf9235fc912cddfb00b39fe,d37e0383abf9235fc912cddfb00b39fe,True,,,,,,,
g225_f0.1_s60,225,0.1,60,path,q1/images/DungeonHunter_serial_g225_f0.1_s60_path.png,q1/images/DungeonHunterParallel_parallel_g225_f0.1_s60_path.png,38d5f4bd19068c3d26c1bc0ed725faa6,38d5f4bd19068c3d26c1bc0ed725faa6,True,,,,,,,
g225_f0.4_s3,225,0.4,3,search,q1/images/DungeonHunter_serial_g225_f0.4_s3_search.png,q1/images/DungeonHunterParallel_parallel_g225_f0.4_s3_search.png,18cde86da93caa1e79538c57b311b468,18cde86da93caa1e79538c57b311b468,True,,,,,,,
g225_f0.4_s3,225,0.4,3,path,q1/images/DungeonHunter_serial_g225_f0.4_s3_path.png,q1/images/DungeonHunterParallel_parallel_g225_f0.4_s3_path.png,5d47319c29f524a27ea803ad609a76b1,5d47319c29f524a27ea803ad609a76b1,True,,,,,,,
g225_f0.4_s60,225,0.4,60,search,q1/images/DungeonHunter_serial_g225_f0.4_s60_search.png,q1/images/DungeonHunterParallel_parallel_g225_f0.4_s60_search.png,7ad5ae1fa6963896a54d1d73823910a4,7ad5ae1fa6963896a54d1d73823910a4,True,,,,,,,
g225_f0.4_s60,225,0.4,60,path,q1/images/DungeonHunter_serial_g225_f0.4_s60_path.png,q1/images/DungeonHunterParallel_parallel_g225_f0.4_s60_path.png,488c57d91df38368a4159294882ca7ed,488c57d91df38368a4159294882ca7ed,True,,,,,,,
g275_f0.1_s3,275,0.1,3,search,q1/images/DungeonHunter_serial_g275_f0.1_s3_search.png,q1/images/DungeonHunterParallel_parallel_g275_f0.1_s3_search.png,4a0cdca050e8b11fdea8e19fe08186dc,4a0cdca050e8b11fdea8e19fe08186dc,True,,,,,,,
g275_f0.1_s3,275,0.1,3,path,q1/images/DungeonHunter_serial_g275_f0.1_s3_path.png,q1/images/DungeonHunterParallel_parallel_g275_f0.1_s3_path.png,3f64f474106accee642e216d5b431a9f,3f64f474106accee642e216d5b431a9f,True,,,,,,,
g275_f0.1_s60,275,0.1,60,search,q1/images/DungeonHunter_serial_g275_f0.1_s60_search.png,q1/images/DungeonHunterParallel_parallel_g275_f0.1_s60_search.png,bed1a86b63d0508138cc2812bdfe23b4,bed1a86b63d0508138cc2812bdfe23b4,True,,,,,,,
g275_f0.1_s60,275,0.1,60,path,q1/images/DungeonHunter_serial_g275_f0.1_s60_path.png,q1/images/DungeonHunterParallel_parallel_g275_f0.1_s60_path.png,4deca0c3c4099faa2fdbe5fa13c50904,4deca0c3c4099faa2fdbe5fa13c50904,True,,,,,,,
g275_f0.4_s3,275,0.4,3,search,q1/images/DungeonHunter_serial_g275_f0.4_s3_search.png,q1/images/DungeonHunterParallel_parallel_g275_f0.4_s3_search.png,ccd04aa18e16c649d42ec6336599d6c6,ccd04aa18e16c649d42ec6336599d6c6,True,,,,,,,
g275_f0.4_s3,275,0.4,3,path,q1/images/DungeonHunter_serial_g275_f0.4_s3_path.png,q1/images/DungeonHunterParallel_parallel_g275_f0.4_s3_path.png,7a3a4cbe92c79fa45508c03f4d5a8517,7a3a4cbe92c79fa45508c03f4d5a8517,True,,,,,,,
g275_f0.4_s60,275,0.4,60,search,q1/images/DungeonHunter_serial_g275_f0.4_s60_search.png,q1/images/DungeonHunterParallel_parallel_g275_f0.4_s60_search.png,856d776d187c888f3c626111d197276e,856d776d187c888f3c626111d197276e,True,,,,,,,
g275_f0.4_s60,275,0.4,60,path,q1/images/DungeonHunter_serial_g275_f0.4_s60_path.png,q1/images/DungeonHunterParallel_parallel_g275_f0.4_s60_path.png,a7dfec2657886a2496c3cde625c92a77,a7dfec2657886a2496c3cde625c92a77,True,,,,,,,
g315_f0.1_s3,315,0.1,3,search,q1/images/DungeonHunter_serial_g315_f0.1_s3_search.png,q1/images/DungeonHunterParallel_parallel_g315_f0.1_s3_search.png,7fcd604c6702454dbecf5e4393379e68,7fcd604c6702454dbecf5e4393379e68,True,,,,,,,
g315_f0.1_s3,315,0.1,3,path,q1/images/DungeonHunter_serial_g315_f0.1_s3_path.png,q1/images/DungeonHunterParallel_parallel_g315_f0.1_s3_path.png,462c534a6ce4b545d85eb11bbf09d1f8,462c534a6ce4b545d85eb11bbf09d1f8,True,,,,,,,
g315_f0.1_s60,315,0.1,60,search,q1/images/DungeonHunter_serial_g315_f0.1_s60_search.png,q1/images/DungeonHunterParallel_parallel_g315_f0.1_s60_search.png,170946ce63e0fc889aa3a592cdb74b0a,170946ce63e0fc889aa3a592cdb74b0a,True,,,,,,,
g315_f0.1_s60,315,0.1,60,path,q1/images/DungeonHunter_serial_g315_f0.1_s60_path.png,q1/images/DungeonHunterParallel_parallel_g315_f0.1_s60_path.png,f334cdc6d55cd8c5fc8e18db0d4b1e22,f334cdc6d55cd8c5fc8e18db0d4b1e22,True,,,,,,,
g315_f0.4_s3,315,0.4,3,search,q1/images/DungeonHunter_serial_g315_f0.4_s3_search.png,q1/images/DungeonHunterParallel_parallel_g315_f0.4_s3_search.png,086f51f0678e4de2b128b3ed508098ca,086f51f0678e4de2b128b3ed508098ca,True,,,,,,,
g315_f0.4_s3,315,0.4,3,path,q1/images/DungeonHunter_serial_g315_f0.4_s3_path.png,q1/images/DungeonHunterParallel_parallel_g315_f0.4_s3_path.png,69dc1188e0e355023b4ff1d1e3e6ebb4,69dc1188e0e355023b4ff1d1e3e6ebb4,True,,,,,,,
g315_f0.4_s60,315,0.4,60,search,q1/images/DungeonHunter_serial_g315_f0.4_s60_search.png,q1/images/DungeonHunterParallel_parallel_g315_f0.4_s60_search.png,50080a337533ec3bdce97823a7465db7,50080a337533ec3bdce97823a7465db7,True,,,,,,,
g315_f0.4_s60,315,0.4,60,path,q1/images/DungeonHunter_serial_g315_f0.4_s60_path.png,q1/images/DungeonHunterParallel_parallel_g315_f0.4_s60_path.png,ebf0ae565a4d3922b226f1234cbe53ae,ebf0ae565a4d3922b226f1234cbe53ae,True,,,,,,,
